{"cameraMode":{"drawMode":0,"name":"Shaded","section":"Shading Mode"},"sceneLighting":true,"audioPlay":false,"sceneViewState":{"m_AlwaysRefresh":false,"showFog":true,"showSkybox":true,"showFlares":true,"showImageEffects":true,"showParticleSystems":true,"showVisualEffectGraphs":true,"m_FxEnabled":true},"in2DMode":false,"pivot":{"x":10.793733596801758,"y":5.067909240722656,"z":2.3697071075439455},"rotation":{"x":-0.04964268580079079,"y":-0.9218484163284302,"z":0.36319777369499209,"w":-0.12605635821819306},"size":19.322439193725587,"orthographic":false}