{"cameraMode":{"drawMode":0,"name":"Shaded","section":"Shading Mode"},"sceneLighting":true,"audioPlay":false,"sceneViewState":{"m_AlwaysRefresh":false,"showFog":true,"showSkybox":true,"showFlares":true,"showImageEffects":true,"showParticleSystems":true,"showVisualEffectGraphs":true,"m_FxEnabled":true},"in2DMode":false,"pivot":{"x":309.9130859375,"y":170.66098022460938,"z":18.719806671142579},"rotation":{"x":-0.05128713324666023,"y":0.0005968608893454075,"z":-0.000027716012482414953,"w":-0.9986898303031921},"size":356.9664001464844,"orthographic":true}