{"cameraMode":{"drawMode":0,"name":"Shaded","section":"Shading Mode"},"sceneLighting":true,"audioPlay":false,"sceneViewState":{"m_AlwaysRefresh":false,"showFog":true,"showSkybox":true,"showFlares":true,"showImageEffects":true,"showParticleSystems":true,"showVisualEffectGraphs":true,"m_FxEnabled":true},"in2DMode":false,"pivot":{"x":255.11526489257813,"y":157.0693817138672,"z":197.30416870117188},"rotation":{"x":-0.018572794273495675,"y":0.9646183848381043,"z":0.07072696834802628,"w":0.2533074915409088},"size":51.19719314575195,"orthographic":false}