{"cameraMode":{"drawMode":0,"name":"Shaded","section":"Shading Mode"},"sceneLighting":true,"audioPlay":false,"sceneViewState":{"m_AlwaysRefresh":false,"showFog":true,"showSkybox":true,"showFlares":true,"showImageEffects":true,"showParticleSystems":true,"showVisualEffectGraphs":true,"m_FxEnabled":true},"in2DMode":false,"pivot":{"x":-3.0558910369873049,"y":7.980088233947754,"z":1.5394401550292969},"rotation":{"x":0.06802573055028916,"y":-0.9298738837242127,"z":0.2864270806312561,"w":0.2207678109407425},"size":12.192582130432129,"orthographic":false}