{"cameraMode":{"drawMode":0,"name":"Shaded","section":"Shading Mode"},"sceneLighting":false,"audioPlay":false,"sceneViewState":{"m_AlwaysRefresh":false,"showFog":true,"showSkybox":false,"showFlares":true,"showImageEffects":true,"showParticleSystems":true,"showVisualEffectGraphs":true,"m_FxEnabled":true},"in2DMode":false,"pivot":{"x":1.281907081604004,"y":-1.052009105682373,"z":-14.461403846740723},"rotation":{"x":0.032487303018569949,"y":0.9625622034072876,"z":-0.2334117740392685,"w":0.13397511839866639},"size":6.3815460205078129,"orthographic":false}