{"cameraMode":{"drawMode":0,"name":"Shaded","section":"Shading Mode"},"sceneLighting":false,"audioPlay":false,"sceneViewState":{"m_AlwaysRefresh":false,"showFog":true,"showSkybox":false,"showFlares":true,"showImageEffects":true,"showParticleSystems":true,"showVisualEffectGraphs":true,"m_FxEnabled":true},"in2DMode":false,"pivot":{"x":-0.3955920934677124,"y":1.4760773181915284,"z":-11.99013900756836},"rotation":{"x":0.03431713208556175,"y":0.955888032913208,"z":-0.26393038034439089,"w":0.12428642809391022},"size":3.4003539085388185,"orthographic":false}