{"cameraMode":{"drawMode":0,"name":"Shaded","section":"Shading Mode"},"sceneLighting":false,"audioPlay":false,"sceneViewState":{"m_AlwaysRefresh":false,"showFog":true,"showSkybox":false,"showFlares":true,"showImageEffects":true,"showParticleSystems":true,"showVisualEffectGraphs":true,"m_FxEnabled":true},"in2DMode":false,"pivot":{"x":-0.6778455972671509,"y":0.7798629999160767,"z":-11.676342964172364},"rotation":{"x":0.050693199038505557,"y":0.9493101835250855,"z":-0.21967074275016786,"w":0.21906931698322297},"size":2.2003540992736818,"orthographic":false}