{"cameraMode":{"drawMode":0,"name":"Shaded","section":"Shading Mode"},"sceneLighting":false,"audioPlay":false,"sceneViewState":{"m_AlwaysRefresh":false,"showFog":true,"showSkybox":false,"showFlares":true,"showImageEffects":true,"showParticleSystems":true,"showVisualEffectGraphs":true,"m_FxEnabled":true},"in2DMode":false,"pivot":{"x":-0.06025969982147217,"y":1.0892090797424317,"z":0.003095865249633789},"rotation":{"x":0.0999348908662796,"y":0.8995696306228638,"z":-0.3159957230091095,"w":0.2844923138618469},"size":3.3590989112854006,"orthographic":false}