{"cameraMode":{"drawMode":0,"name":"Shaded","section":"Shading Mode"},"sceneLighting":false,"audioPlay":false,"sceneViewState":{"m_AlwaysRefresh":false,"showFog":true,"showSkybox":false,"showFlares":true,"showImageEffects":true,"showParticleSystems":true,"showVisualEffectGraphs":true,"m_FxEnabled":true},"in2DMode":false,"pivot":{"x":-0.05630767345428467,"y":1.068476676940918,"z":11.956363677978516},"rotation":{"x":0.21733246743679048,"y":-0.2203325778245926,"z":0.05042858049273491,"w":0.9495666027069092},"size":1.6058998107910157,"orthographic":false}