{"cameraMode":{"drawMode":0,"name":"Shaded","section":"Shading Mode"},"sceneLighting":false,"audioPlay":false,"sceneViewState":{"m_AlwaysRefresh":false,"showFog":true,"showSkybox":false,"showFlares":true,"showImageEffects":true,"showParticleSystems":true,"showVisualEffectGraphs":true,"m_FxEnabled":true},"in2DMode":false,"pivot":{"x":0.05323004722595215,"y":0.8001335859298706,"z":0.2570326328277588},"rotation":{"x":0.1916172355413437,"y":-0.08233612775802612,"z":0.01613340526819229,"w":0.9778799414634705},"size":4.633012771606445,"orthographic":false}